age,education_level,years_of_experience,annual_income
47.30818854734514,3,33.28743527399547,89197.55335080235
32.425117269541644,3,28.801893687645915,80883.58896641532
30.46351469029758,1,13.128850403454514,50900.53059289479
37.26939973034395,1,34.97892921458299,87962.72263645136
53.7638530509284,3,26.00394525935176,97716.3813962753
44.840521187333565,3,23.824627542866693,89579.15191249736
40.571424500588314,4,3.871674120924955,73285.99851004206
36.51362716925706,2,6.200442370757271,59204.79033611869
54.80635896058794,1,36.63721241829617,100328.53884967028
32.5205056162611,2,10.642635724193298,53109.734525762666
29.72655820171061,2,30.02477963305868,75252.27267221882
33.31305001579623,3,29.35197879860017,80589.8024029223
34.39074498980106,5,15.455949289393036,68903.43922858998
43.856998363128994,3,30.201701507711253,87152.09366309179
61.13541259435093,2,28.981869165520283,95643.21572405452
55.4229372874929,5,2.5158489563106645,104825.55987557542
27.184487502714738,5,9.034191891927229,73001.24024313904
31.80889149288028,2,34.12808199313957,96464.07781685353
60.27183044344718,3,32.53470980330182,120390.17931939069
61.112368127550575,2,2.768383570736721,84357.48438486453
50.294214338485645,2,37.23187441366945,98920.97654393082
58.751488283031094,1,27.90322289353968,94241.70656197594
21.752854701033755,3,8.139557838590763,28455.007518606257
34.64277223861456,1,5.532231673139281,65113.7407521083
47.35310208471379,5,30.65712556477241,110042.33925959516
56.388322251365416,1,14.935387232387548,104183.0963281441
50.80142470953446,5,12.083398493740276,96021.49220648714
25.801279017599633,1,23.1808736769228,55006.29300889909
32.896549689974776,3,22.587220233919602,79583.57315541695
60.61742643055389,2,38.21828795094395,102706.86693570478
33.42960486200647,3,29.818868274675197,85849.7268277778
48.32332943534277,1,7.062154110612231,73227.24693919672
49.08576778415909,2,22.185364593887815,90964.87817655367
25.431971656320002,4,29.807509073396723,91918.29166381499
32.012184697583415,5,13.28354846270988,70687.17394006842
35.203891590701424,4,25.059974923624246,95496.23903198057
53.25477802394232,1,14.157298594786404,94598.33884176273
30.93412162205926,1,25.59558837123676,54042.886969387066
29.09522943798795,1,29.246225079213858,65055.86123238682
35.67885492067751,2,18.789339201808414,78951.61847591358
63.9474532874738,3,17.615801209327792,93170.76482593933
58.18808724986688,3,7.616482573558683,79026.21443631472
30.790208464473768,2,1.6231048177390006,37999.92166239929
48.32391420241822,2,31.07199426872494,92275.97133328594
59.961757695889105,1,12.734896076505269,81265.59706862202
21.03336815867351,2,14.519684755644565,47873.2736749817
26.84957296194788,4,14.472024391172393,68638.421537411
60.223434972499724,2,3.227735602560018,98137.01271365053
59.51069157767704,1,21.378962453614644,72844.18143153776
53.57475459917795,5,28.510929212557087,122815.64603221197
52.12264098888619,3,16.172298829275324,85407.62477830726
41.569531589280196,4,9.515145764120355,79591.41449361481
23.530156325177224,4,39.670300240569155,92692.1483916934
47.70749154895978,1,21.377355579226144,77216.01156450888
55.82240178925971,5,16.56740844764347,103839.76204555314
42.08738732572452,4,6.8728644367971725,73006.26880463703
60.61658916900341,4,35.52135094682151,118591.11751086035
48.02406732898684,3,19.433999499149905,73666.09867492373
23.37135879924787,5,23.542432434877117,89088.17824683098
47.17925323494141,2,10.859481166402322,81526.8857180687
30.323962536069086,2,2.9833739890188893,55752.12538492017
37.99338980648197,3,15.189982907379097,75963.04453025479
48.742829569439294,1,39.113775030000795,94452.24179304909
32.59525825129357,2,31.40038724236017,71631.02245011437
41.02856022150947,4,12.018834376761195,80370.86496656304
57.57910651764763,3,11.574279606517642,101368.87898749631
29.321952070943855,2,32.00124016008794,70525.9863062086
36.584507391899514,1,9.29054674631562,70179.17220514674
33.43683793526242,4,23.123232521934565,95952.67748742033
48.004605229895134,4,11.732350327700809,101777.27897863067
22.035241966014233,1,14.347089876887429,46929.7084246324
35.79191580940572,3,25.444207491385598,78164.84058013311
64.34933904255614,3,9.97676317863926,86716.85089711101
40.99958014538086,1,14.62783015842454,71386.70073983078
21.433901758956818,5,25.890079296940954,69889.80212721453
43.73255280442943,5,28.2415818759222,122690.15100436736
37.484521766276785,2,16.508932484324053,61366.72090567007
43.65085095716557,4,21.7159441251305,92839.12864589987
24.871464645760604,2,29.149518659894365,71237.20029501077
25.87834831607488,4,23.546390897150587,61312.58150104762
46.979973276404756,3,31.339971123037458,91289.33698539143
53.31104595623024,5,9.309964110004852,97415.8698290695
58.3171044996829,2,2.5629057166802527,66028.49682770546
49.07963860392439,3,16.64820271499331,75916.2316613976
26.03239983284407,2,27.005043875312133,52770.59253935343
47.55913039224776,2,4.4653648328012485,73066.05844549007
50.7898572199536,2,11.230394332955655,89652.14754895559
62.02687075043657,5,14.398049683516954,94216.52260663729
34.87138593910332,2,9.706199863642873,65459.39037533296
30.381045053932816,1,28.11231262419646,68397.03086073062
32.066464485633695,4,25.540027902732678,84388.55746658698
55.31938456105177,1,29.93460073864099,81460.5756133781
62.66453835964688,3,25.36368300237177,104455.97838525393
52.3379162406026,2,30.95124789028267,101724.9505031799
63.28256158633515,2,37.647690237518674,119371.08872069337
52.36138783561187,2,14.612386724457718,90711.99829609018
36.281685921906245,1,9.794975099471097,60654.98096073166
37.51473061168313,5,16.795688656935496,107443.37708708865
30.57744792819627,1,30.157317966653466,59058.94111475776
51.40834102106062,1,26.76922537669703,79115.4454178496
27.775812566001076,3,2.9543235844716875,52524.660378461456
51.49089386592392,4,35.83739394945536,98950.10712447198
44.64264991057786,4,10.640583186231787,91777.83808442525
39.54313867005253,1,34.96261221284759,71457.82905543201
33.375113270471616,3,17.45021965744593,68328.47453130783
42.27721169211577,5,2.1657702280704694,85950.65907032716
31.394513522061118,2,26.32292777920652,81818.58408473864
35.24975396690632,5,18.179843547483813,77980.79238407113
53.7309470152628,1,39.42119170920303,106819.00778963498
39.22451755373706,1,21.222275190025805,56660.18976872188
47.19974616536278,1,16.370362736597297,97546.16027949307
49.24983891971303,5,6.714666187000495,99599.61523377225
55.499015265460116,2,32.47515213051925,117145.48356637536
38.89857788488986,1,16.460066712623846,63087.4534974933
64.43032285817632,1,37.58120776602171,96644.27955059032
61.13440080752408,2,31.690696126925396,98200.7620613513
35.85604937800367,1,21.287260534450784,54660.566817213
52.05791906498796,3,0.16755599657055864,74820.93356460895
22.77363693825591,2,32.524406043481434,57265.72052325187
63.65678107879779,1,2.3966515397402643,81836.20543031853
62.85095045567465,5,30.661902956194854,123142.81959894099
51.92407011178942,5,7.180944786644452,63860.637859644485
58.619977036937584,5,13.619631866835551,109846.50163820916
54.03469948056737,1,10.862326534294482,84206.68929031794
26.062840747692885,1,8.798106030241154,28481.314603224073
21.84002005687119,1,31.253917235985043,79156.5692811887
44.97226983341616,4,9.03120417291984,82762.63132076748
36.266852957145176,3,10.945918120949823,82060.081598712
33.71030888448281,3,31.04643084262311,82729.45376008468
23.10391880471387,4,35.02151393508913,69971.9145870465
55.02760028203336,4,28.198356055848603,109328.05874329193
27.403124467607288,3,25.221457725270927,74053.19070676416
33.06420018762478,3,23.30714856159328,75575.52182526818
21.09009983956382,2,30.67989480457845,63469.850553937504
23.60860912287867,1,31.40044640349172,59673.2603752697
51.890996277079736,3,28.612821112003807,96988.42699476534
48.492894275501286,2,15.439317565590866,71310.83654742305
24.01724502276563,4,10.924718423334454,67640.16771084911
54.059114355388516,2,38.3989393510219,87138.41343324224
45.321395249421755,4,31.804961225922792,103959.73646866693
29.241318429119012,4,32.73820242914086,82374.22848383572
41.77065105851999,1,6.823422029121242,55747.28361242987
46.46676305687086,4,6.716496512882464,78808.66331385699
23.18363134731827,5,35.2407581490512,89982.519937791
21.7847420917638,5,13.625172041297308,48319.67391404926
54.609140638168505,4,29.319422031809246,114302.29770570573
42.88535419778472,1,15.459932653603715,67780.52905030118
61.92257590424673,1,37.12932344161021,94971.85026913966
26.967100488228702,4,10.895850638383507,66683.51476751099
29.675200968135997,2,9.960356815121258,53980.42526919264
27.73543792025474,4,6.092863812659224,62001.092489434704
54.47179156406101,2,5.4064165633185945,72112.69367528478
21.22268316660371,4,21.828333170458336,70409.95252851649
44.31697996946174,4,39.04576032991139,126199.22786811957
46.767897478906164,5,17.996792824440213,83671.10406921757
49.40181694381023,5,38.36454745773441,127262.50779292853
53.47883587796253,4,36.07776298291158,98827.89505518194
24.62910108667497,1,38.45741690643176,78056.77437757327
44.530029671930876,3,17.58927923751923,74042.25298190216
43.777932457674446,2,9.6276212796394,77200.97818088975
41.6462627893941,1,19.696635267147112,71486.31617868644
61.48235357558629,2,5.795884734974193,74696.51012404053
58.090727428161735,1,12.393087677358281,82998.30448120604
52.37640178257765,2,18.989654850605916,82271.71790211317
23.436975294073765,1,20.917311031884985,33229.13570869056
54.243675881696525,1,20.109936084984103,98452.49783760693
39.42953573556217,3,38.08458761456019,107208.39311648303
63.275602832191346,4,3.676800185289504,83799.7705347087
35.3644218184852,4,36.243570043293126,94509.12813821025
38.54701486518797,5,23.00117335570193,93406.11476079718
55.07097953479468,5,10.51101359076426,94142.67579377332
44.9916304423285,3,25.59735985907831,87049.48280422627
25.8951051584948,5,1.3458909168139765,68622.31605697883
55.403550332887676,1,10.153130151627,80865.45102937307
53.90256872378823,3,13.459055934273945,74309.54144471421
25.883930569683532,4,25.103704514354995,57422.56764482143
55.629684644945996,1,23.270634893240043,58707.20031806537
42.57441025732342,4,11.572161242121304,66451.66375171898
40.71048395539333,1,3.5422127799546965,45497.05844538301
22.474861495201147,2,0.2019383894249227,40170.45263833741
34.65744595868597,1,28.412444639542315,58546.061404445376
44.73514903931252,1,1.7691514869168667,50175.25840666928
57.29696454388743,2,8.012885234094153,76361.61071626059
26.52824462434303,1,27.50668161748452,68522.87230929868
27.053579603006682,4,4.413164732521704,52412.938613036065
34.950926724361516,4,12.850641992309626,86115.08629130208
48.102113380938476,5,0.09009498249690662,74017.30646832056
20.13054614238263,3,6.708924642951146,32079.10610938984
53.71021361322103,5,14.63496173823387,93506.40392524986
57.64155060533297,5,7.80752028317341,90592.89736206524
57.47783346945416,5,11.764932792493514,104172.57113048784
45.28733322971233,2,38.37448796663669,97963.38180641073
52.49304142568959,4,39.7986264957004,120196.04739831192
60.54475218820362,2,29.28771176220353,113138.55813110199
26.345811322320266,1,4.03873277818763,44353.559460116034
25.403061082215828,4,17.226826072742067,71289.8372758321
33.42932897616729,3,38.175746639624684,98510.62668130425
58.08853228638498,3,37.60038553492225,126724.26350826454
34.1288808885902,1,1.9275058665677047,41416.08527854659
43.88612848176125,1,9.894534547697763,62825.85489566836
21.19799912606741,5,17.746965966752974,55391.03609150933
26.69863664681204,5,18.587870773284006,94030.23516758441
33.64154616920416,5,3.2968428630976065,56579.445857484505
50.593656348049336,5,22.55493200310292,102053.75095558884
63.52926244859138,1,35.792492917973064,135080.30360609965
29.601079865386797,1,30.687206304232333,72456.99426354493
39.35329110558651,2,6.910439621338007,49397.47622432603
39.133357007284644,4,33.744209071744386,83763.28105130317
25.15413119338265,5,39.12603263522535,102182.08375263284
46.83304697851263,1,6.459679936651304,63208.69001521264
58.58143540068103,2,17.562752108953692,110897.06140577707
30.07846999551673,2,38.3758287713415,89045.68066795802
48.11592911067993,4,10.673207587000316,76051.67727898333
36.6710663126304,1,25.405161041123915,69205.23974153731
61.5985005992548,5,1.4931353866090014,96534.97363745984
33.21307177568357,2,30.038413417494713,80879.55051676235
58.25645294469338,2,10.411329542821708,81306.12458221
49.60206063796997,4,8.896209804458422,91977.57659298989
60.092914809824315,5,0.07903283673178052,83536.41643832834
21.928364064536552,4,25.85986125336212,80170.29940610308
20.91651518120107,3,13.078908035212255,45665.26276531323
39.78878769290172,5,18.18393964802929,82645.44829735674
29.11335037719615,5,29.514705715653058,95460.42765060738
38.3089358886665,3,26.312569124398287,96533.97285290841
56.526588976528686,3,0.865929876586442,75664.04044647687
25.24508384452593,1,31.26103316648487,49658.50081323629
50.48489523471387,3,31.588852645566845,93930.42079916644
53.83573413763007,3,37.253676473523555,122036.44822352788
39.59943683592566,3,16.575887520554993,61078.133663500594
63.96460956248206,3,23.50449592063503,103156.05076947615
62.148952744629234,3,0.005083031606787358,74424.35550909115
29.836105514006622,4,19.6683495666988,63960.68026199056
55.66745428942002,2,6.563308134308756,72159.6579285615
34.424528634156836,1,13.650349587545453,42625.63321456658
41.09505497373556,3,10.851413296641548,100703.81474170231
38.53975393126372,1,1.4384879327590516,58904.71667192482
34.80209360221707,3,25.2523234161503,86878.5500862262
28.258209867658138,3,26.271204868861705,84069.73483650641
43.73838254278765,2,22.52431092238384,88418.76751687724
48.67241448091788,2,11.935842807196924,82149.6216175206
64.00363215813803,4,9.435940199992885,103432.98220299468
22.456856797625754,2,37.041548685911586,74770.79505587806
60.55667725722183,5,35.050611437228234,124475.66891307423
47.36331083359978,2,32.05183043624145,87082.47045697423
40.92052046116933,1,19.678512960617915,70300.0229327523
41.27219434553187,2,29.269329267808942,80733.58303381893
59.10321021875659,4,25.94255146982357,102224.65837562003
64.1181692485549,5,10.207369250577333,89482.23722036593
49.241108140133136,2,0.702748054764637,51966.08968496903
33.1557591097472,1,32.564833900155584,66973.83537652066
22.272768609660773,2,11.72568714811117,43412.65718760951
33.41319826948697,5,27.688173438420908,91321.66885652539
58.22133281569177,5,14.212076437004452,107336.88855205328
52.57421435362858,5,16.72121447113042,99002.02691621135
49.79656458947842,4,12.56513199539154,94497.81824122017
46.54506505458893,2,34.12345205232085,103253.78376826312
40.51623784782558,4,14.006017591592315,86945.49154822173
45.58879436968516,1,9.773791085292224,56043.9097084282
52.00028617340929,4,29.415660661965013,96602.31504750316
54.69488447863819,5,28.611690927498536,109522.52794893476
22.02757065301684,3,19.361601371969197,62311.30411524798
28.571799269700463,4,22.561715180824674,80713.59051920373
35.15064300059107,5,22.692175532950575,75087.56229828863
57.59393402741511,4,16.326621355771312,107367.95363749795
47.680566666288996,2,19.400457158707248,89244.26394318894
21.587712494108786,2,37.00914453573711,76566.81244835803
20.335528342045375,2,35.869213561597334,64669.96099411929
49.75300422492262,5,6.422115775391393,90684.32788123931
37.54895130989118,3,25.946129893344093,84246.33428822104
51.385074185142216,4,39.67765237647327,100171.91214058334
34.022784754107434,5,39.556551183690786,103176.54769384407
33.26742011687491,2,26.235865252539696,61864.42076587688
20.260099984401133,1,30.445749144510067,74524.54418309944
43.83189316636966,4,29.345468018589656,91613.65784052022
57.356893268733266,5,5.843140859809868,115371.33889331043
48.40699122181015,2,37.32943231149572,109852.62453088061
41.917120354501456,2,6.784772287497178,59504.03579933646
23.4134782237958,5,38.10949168964389,93517.1664827644
53.43093843859753,5,22.044753753075153,98573.0943233039
21.78688433193612,3,23.645151459380816,74998.80906448507
36.64074603383977,1,3.8772395310754204,62513.32053453129
25.156759213008677,3,18.2863725307851,66905.20824173068
22.266100644280076,4,3.39331441707337,44727.98672437401
40.99321307355426,2,19.20269687006106,80881.50427869637
62.33099663190094,2,26.436706798641147,80702.45694504802
50.275684023705736,5,25.447167216050005,123667.2886831045
39.761654186276665,1,2.212812903104946,60095.49334497248
54.92827399836245,5,14.655404813541498,100300.00083070222
47.64789205725849,3,31.274838568950543,93467.36883973058
23.959737933719794,4,14.779571572129866,47365.62392535633
48.036939662027805,4,3.3635572758602272,84184.76238523453
45.579725089904166,5,18.773363893731986,113836.48416140006
27.044992722278955,3,13.17003861533995,68598.31443770557
23.811036067273893,4,26.320893927638792,79389.63986331085
30.117433689795742,4,35.287182543294435,95125.7538277807
51.11057740234193,5,13.259405449514459,98524.60629681287
63.45127729319948,1,37.914810678547866,106617.95804331498
31.154574689497036,3,14.672947912439795,67631.13352208983
28.838275671501414,5,22.213689075791233,89981.77808848234
61.570871225481014,4,3.8483706057777,92742.24683356137
59.021904332570855,3,30.005969283706943,108685.2236312177
33.13445718674448,3,21.397532357673693,81046.89584189565
60.49533039998645,5,5.843901621431851,81489.54474929624
55.73127963167948,5,28.93186716990442,116437.31991318209
56.126501918329524,3,3.2151145923174917,74137.5269379748
63.32243710552477,1,36.54181430427413,104606.08510902317
61.566885061829765,1,3.7910365596474227,75012.38717460385
26.92923818291549,5,25.0839791279413,90161.4305232457
24.179276775942085,4,27.381316031550256,64605.67495975917
61.84144434760836,3,33.181880026764034,111062.39910984722
61.55966080502179,1,12.433595515887319,73772.74292072086
24.291706613118986,4,14.157039754002172,54117.4635163793
50.39729886602893,2,3.6436545861578296,80247.95202713773
21.010417604641365,4,10.716755328426943,68181.87326424714
54.565864707487066,2,38.74708721490735,106460.74885873671
48.67254952124462,5,18.977132702621354,94921.24569681908
64.50913341869548,5,31.56182513941826,122895.10087172712
25.365026584886998,5,3.4176250018186716,70289.0292927767
58.61497121390431,1,21.739614613616425,71209.27074932405
43.75852769305445,5,36.6748976274456,114670.21310728411
37.1214836870807,3,16.434791413669547,69692.86012405883
63.43542323946109,5,34.17187802586706,129794.34865710122
37.72975671960019,2,20.037193997511054,58361.98334202652
48.07040691361016,4,29.388233974538686,79203.04248878233
33.55331402557535,3,0.3837330084409629,54737.014497848555
31.918127556962624,3,38.780972004320596,104566.80492244175
54.2179575030809,1,34.0185672781115,115074.75466578495
56.087021286052746,4,30.344741824608302,96848.5975225748
48.8108371001637,3,23.465792424877833,91138.78811498723
48.45335070318918,4,9.093989944770279,87380.15682090228
31.80276068891437,4,18.376912533778416,78876.14446511297
24.439493944631835,4,19.03594377249115,54047.791108590085
27.737583081770268,1,10.086390993027692,41164.571588705745
62.064910484680475,2,7.8362983506176676,57774.592050645646
44.91237805007404,1,25.01262185594298,70334.38781386893
29.848469445856793,3,28.069558133824568,76322.33187601066
58.31041260927307,3,31.29078072471824,116563.24947912911
59.10358967773685,4,16.967247298768285,95772.37092076127
22.968821077848432,5,27.475819482166045,67101.35272926682
60.87502792306848,1,33.49613496299043,111682.43255467962
51.87345636529426,4,6.653342863042435,79141.18212290658
20.421515305939987,2,0.43192426136396733,33035.27927803377
53.177790830528295,5,12.674045459152286,72588.59750425568
38.12841622767276,5,14.142614600438325,81204.24774363081
42.235616165400344,2,14.221908197323012,74354.06604775223
62.781918417614044,4,23.461559118873467,107615.98709352821
39.683372412599496,3,6.057816343345088,69521.52127222743
20.340169038427543,3,10.91243863197668,31994.180932664625
59.227871490335914,5,26.900474815323307,90879.60280358829
40.74183130892856,1,26.42094986521262,90541.35486374871
29.827190643219136,4,1.7501316502680675,60532.338297386596
25.720902675941993,2,34.93494307648304,78142.86182926016
36.69207017889654,4,9.051151563248867,72662.87165073014
42.30122733136731,5,4.986230316303879,85279.22206592295
31.246727963650727,2,34.197789334164874,74333.50883048502
32.39786122494972,5,18.73558334114632,97779.91368076816
44.33154299985398,3,4.944940517720817,55103.37078429888
59.75990517121198,5,33.68843720980597,116990.40270331452
53.25011817580197,3,34.92811403186955,105191.02456970714
42.2439401872588,5,37.62252101567875,136157.50593238074
27.459745284995837,5,8.645680965903587,79947.44233799714
21.234925144611534,5,4.780395107859352,65340.316818579624
57.194966739035145,5,12.183503707265873,91235.01403860608
59.38654845371544,2,3.2147300519058497,49947.17993380732
26.16313098902902,1,1.9537548055716814,36918.818552481156
25.6105388275304,1,2.7798926538578383,43316.25501282175
43.318936260340735,3,8.492413827595179,69976.57767340893
21.0640627105509,4,10.041521897048383,71230.45182487264
28.495921263200934,4,9.623949347192994,56546.60996312746
32.205025151905176,4,9.019839750664955,63979.74281974977
49.58578854284185,1,38.262095773775336,112554.78578624477
30.74940438149374,5,8.62020618747426,64946.87018193929
23.337480731386613,1,23.413894937989156,51557.77372822085
43.580171784939296,4,34.84277978730114,95636.22793774621
52.90719241039076,5,22.471835142892918,109014.4897386807
42.722661658852864,3,11.438292750748161,72050.37377299902
50.25930044267645,5,6.778059272568799,95975.36610843801
30.018704407418888,4,7.685823116660551,62847.66365043478
43.63649346217274,4,0.09136267269435283,80171.93422221842
27.88508663668344,1,8.165632182974925,38482.8214908363
64.7434882859531,1,0.1296035322088951,80064.85442541624
50.725914142412975,5,11.2147926107423,88727.59257016546
60.850381115964595,3,39.34042276439756,106198.32392959594
35.63460802470576,4,6.231618322415042,76474.11662149346
29.407480516173656,1,21.14233181503692,54370.27572822474
36.82263136915071,3,0.9184098766039916,62640.87549933748
53.375631121070896,4,32.957511555750365,111208.93414066377
46.44948358794792,1,0.6239060827579568,65242.07112138747
36.313953097245,3,33.70159562267995,96766.66115924297
41.012515995777264,4,30.651949897271635,81924.02131880765
54.79881560314219,2,25.861165405189265,86462.14219838244
53.80016153591018,1,14.808377455891097,67683.96639565779
28.98828298360829,4,39.10348682386456,83401.5800658458
27.352774427147217,2,31.31201943013384,80429.59897915622
21.466058890204486,1,31.708833880508568,68343.33273622571
56.919793799647195,5,3.161250886135334,86238.878565591
22.25196535479188,1,21.811604596839324,40478.799863991124
59.55152629509866,4,38.929099703083885,121215.80790642658
57.73253144555371,4,39.405211498204295,129721.35071601954
43.91454559582607,2,39.743251049912715,89677.02020209984
34.31828814046616,3,9.120314975670475,64666.18626714674
45.885179569623546,1,36.31954768075428,98947.25346574435
20.046596663853958,4,15.503900670613158,55773.55407484145
36.339291722305504,5,12.407372050289599,66931.52846255127
60.282540658811065,3,7.331088206750049,90618.53517937241
27.82806978318264,2,17.82623742939326,49799.29977707933
52.94642594782044,3,8.70574401990044,80084.92825781916
54.45970408205569,1,3.907473307604401,56177.80412983193
51.98680939854937,1,17.385703212466225,101550.30984901423
25.05440151938344,2,14.615743052236754,50983.220316975596
53.98549837806228,3,16.266851618623388,85661.62730298084
21.611901178965333,5,39.16449570787984,92086.88623964148
56.44141562290901,1,2.9494829326645,84036.9529529846
44.51636809221331,2,2.2143031586560458,81296.84051081174
26.717968886386863,1,38.67082223104033,70473.62316602301
47.35442978544246,5,16.997464635896566,92433.76971671749
28.014583123890052,2,18.867996139893812,52100.484393480074
46.63792751018414,1,22.493499660553347,80532.38091351007
44.46797658645315,4,0.05386461779034679,76834.57903441072
35.40028681210473,4,3.539396692752801,65811.71089627588
39.168449755001475,5,37.616324376367835,109783.10757666927
55.243610532933836,5,34.901396701426975,115007.00007913585
41.73226195052436,4,2.3057288539746823,71126.82953492319
26.2435644799535,4,34.33753591616631,83241.27238383362
29.04980644775222,3,12.083188758552389,55623.942015472494
30.923136248969058,3,34.32063549153486,103908.68711384069
59.26102563667716,3,37.628821283123756,105325.91943840827
20.78545903076408,4,36.592554004712056,74386.87625670583
30.960354683270822,1,14.447483258943276,79264.24066419192
26.183722131192052,1,18.15977279055882,63044.91983168164
42.72207781454039,1,33.2837480645395,91952.0599701568
55.479808526137695,4,13.66730940485716,84745.62944700554
61.91895745671443,4,23.840886883230358,106651.18607949892
26.394449529512325,2,19.72258153156861,53490.09744247409
41.07051070401879,4,21.839779546583614,89555.92336788766
31.256219002565842,4,4.154578601224492,57797.44162892393
41.88084078479112,4,1.1690008900323834,57083.57186904638
35.48894776286729,5,39.02090132210413,105932.45089838188
21.337341056969,2,12.915764642362749,73531.78794197839
39.181491181805185,5,13.462998870974836,71228.29966004264
53.946484897516534,1,2.771153227077807,77785.63769854757
64.0054238457,2,15.182451306211565,87499.2963851722
24.20999527158171,4,18.320396373987606,73321.86403530854
31.971787387026012,3,18.40540329912498,44194.370137313665
24.81706307266026,1,21.311007712183013,66318.36670550596
46.50387513340132,2,30.989333419133338,78241.43481578532
39.770197509252185,2,21.29154695693369,84170.34488786983
54.52134591403397,2,15.116060714813791,90341.6780668995
40.13044677775542,5,28.251214681738173,92626.98509759261
49.028818983294755,4,27.10642736791778,98723.86019765824
62.31040746883372,1,21.33465390159991,91031.86998338574
55.28923651167935,1,1.276984058236521,66917.50007370731
51.187943327423454,1,8.895147239280137,83740.28642326673
24.90938838158686,5,22.602759515447893,78548.96097478135
62.91757550830491,1,22.2909823869165,101669.20911634673
28.707891272319575,3,39.28313671425076,99129.65063214692
59.81069524397228,4,10.765405619109147,86576.69328201376
48.05815411563882,3,26.603498797355414,99804.54576390295
63.339319849874414,1,3.0578073332000777,71513.36546486776
50.38036425344756,3,8.224292961862037,111717.74476208992
25.545305140191196,2,13.077527829640946,51361.90301553477
39.43729612778795,4,23.196104967816915,72777.16839935839
51.394668077828115,2,28.458251113495315,88340.09793693121
37.30962206104348,3,20.3752462435769,73853.21785734134
24.18798222067055,1,29.77462473167154,72131.90117424063
35.258707212669364,1,12.464114642636916,63375.52391334924
27.400428181722596,4,21.03585323956161,81249.32304265058
20.559884189612596,4,5.9578766653877935,38393.320591636744
58.73881951779453,3,25.793795662203088,100562.26183009119
34.44847574159366,1,2.0396149823858245,54215.82124140472
53.349530102581625,5,16.229230879926938,100859.38688387821
46.940935696057764,5,36.7502754116479,111650.12839152462
35.73222213133789,1,33.281478852136175,92322.00492369528
31.660463236355152,5,34.433154205761326,99491.35875083375
44.33595655886205,4,27.710980262803318,88142.93191322028
58.80137655968264,2,32.414917240009785,100484.41973918572
58.095257432411174,4,32.08100700604985,116481.21823681332
63.69991131525053,5,30.95190220644579,126978.7566640888
56.43361494130093,5,22.440942042505824,113601.24153833816
35.735033857833756,3,37.47762692082523,100003.4236934847
60.040482898037645,5,14.771274390995508,107506.63128173923
41.983504885629614,3,33.3763973981728,106302.32021775005
21.27780485108505,4,23.832051087209077,87802.05896121383
46.44103434343945,1,16.07826500562867,63428.889658127955
42.51011528578623,2,31.256407514673196,86435.97593256012
26.2266773756225,3,15.542172348337076,41158.43776167587
40.755686894926455,4,23.922583014930332,83119.15112268052
41.67801576200079,4,10.070629279528095,70575.6943370403
23.992700146999965,3,13.420994234499082,69075.32075119311
49.96131413774438,4,2.8246377833963177,79341.99285603497
43.874115373887406,3,31.35667619136057,106096.1359303539
46.9862075629502,1,31.338326166470203,86960.87306930499
21.785455333639995,4,38.82191502386625,64275.60661681951
40.580530078946296,4,14.759605910748759,84403.08623977497
43.89468505744887,2,32.93432533700461,102319.56868088893
60.88261282332448,4,2.4867370046376758,72057.24004078943
40.701735972481,4,4.029593326811058,54467.71315417337
47.19657982017214,2,25.201670327921004,83477.70258523672
21.34572151764204,3,1.2144350451555175,30653.81672142729
21.168025437561354,5,20.239379722559217,81137.19667588215
44.44576671237604,5,28.846113899197668,112030.32444321859
42.56385641874276,1,32.53147043154219,96057.60146909012
40.74747426214281,2,23.47692994217965,90929.47450538246
57.09163627198893,2,31.540047413758607,123002.16330978565
59.47963845237414,5,8.201745216309494,113845.8061236623
59.7379788749372,4,9.072646729936844,79486.69092174043
33.83725844327658,2,35.321998723694016,73382.6677557239
33.09881387309534,2,18.0441354484405,78843.73589476405
64.3040537045691,4,6.527154247535942,89283.75217845521
47.41836345928124,1,19.985598502160894,79478.93822385419
36.96456748978322,4,3.013297040086389,62081.631786830905
62.1008062441082,3,8.999288943324961,104857.55633195641
57.86513382277328,3,37.60112667110161,102832.62822906127
38.699838351062624,4,10.752231220735586,72739.46767338226
53.6045541263973,3,10.383357476121029,64116.43556626105
23.795023714360557,1,22.897110015918287,54958.03712796824
39.44617954134293,3,31.341550595421005,86174.81949174685
40.537458276586676,4,35.49016078193236,126248.99768853013
20.69787428594719,4,38.07980838837908,82470.18891066735
36.58773334985414,2,36.314006763636016,86755.5547464333
55.67308100761556,1,3.2284607974989132,68918.63189547832
33.2446888654269,4,12.858969250237484,79074.8600520679
46.162225141923514,2,3.045298309480078,74584.59702403484
59.66673314500174,4,12.744034996334705,97387.70535852954
27.19311820942298,2,20.347267989441626,58782.947325127665
58.17060659186587,2,18.506795772884367,97669.19911182778
44.95527516610974,4,14.63494301072818,85509.33164054267
34.06487836146886,2,18.493893924644706,43360.57135466279
50.83990535027133,1,25.162482701008898,88480.59814387768
36.33400432927366,1,20.556474844524388,76282.49818113011
41.07937035640943,1,29.483121164261693,87907.29038122713
64.78255641379985,1,32.91748244172207,105218.5544171284
27.75644649270347,5,2.3173411163847257,54687.136797459476
31.50364662488784,5,36.586203821764876,101403.43974008632
40.61650314950954,2,14.398205057103324,83725.94515658592
38.387497529713,4,15.202889656871328,96703.04655393279
50.566642030104454,4,34.4227123198481,111650.10029701077
25.286716590382056,2,24.275989340057844,80608.12882757177
21.273245435174847,2,11.492329935706929,27483.838524821047
50.77757747498924,2,18.204529753781202,91554.44141557012
37.586778085048635,3,12.778102351022792,72343.5259985976
36.37764236828907,5,0.3303723646220469,63650.86219682588
34.901740905189826,4,4.7843953956697005,60889.87372356388
28.333341633177064,4,13.705990205932817,78341.31695319698
22.392083190693135,5,22.077222969373853,65412.122108873526
64.00000127300675,1,37.84931922059505,108035.83881871955
41.099409209698216,1,27.459289600021627,85845.54574457016
57.26648631076155,5,22.860772013763516,106749.55688376773
32.65091879727948,5,29.5422510643031,82241.06012047041
37.35766434219465,5,16.861644157012353,84178.61840302657
49.51769057731359,3,7.523178221798985,69687.51640353235
47.68274323276175,4,29.0242074933373,107603.20611046522
52.973896625836154,3,17.117910718362772,89743.24769276139
25.354701294175715,1,26.26293909689921,54439.983495063185
31.08990828468199,1,1.8086761021436049,30875.058122713315
20.76194255726164,2,21.57634207775192,52039.49157726123
57.72758606347718,1,9.983911976605494,89380.85557016236
26.335694288098953,4,22.479616595854356,88313.2349753632
45.67076420942765,1,24.70278418325087,81312.3992112107
36.24299586869855,2,19.261324657848245,70943.8387011579
43.368738904096034,1,29.992339182111802,81551.73193972652
46.78112106027753,5,29.460624957628568,106751.96759749192
38.49003765881484,5,11.40455553495701,64709.21183267947
29.27013350773307,2,27.814582741316137,68587.91601354617
57.48307365236875,2,15.01991634650766,75524.70072313503
53.54784885196392,3,30.08259124318719,94745.82430654237
21.777210716494167,5,16.494592129606822,53839.97355679588
51.1920547770044,4,21.7415402064886,88257.09770228271
33.768847607164176,2,8.143221338113769,52271.16076754135
21.117683872773128,3,5.234583069660559,35457.8194407593
25.755037935711226,4,12.979982189190293,59560.522618678006
23.825993076140193,1,11.76516492802869,27030.390293367655
41.43990011302149,5,3.185825197854726,68342.06377359519
27.017653742707708,1,37.017395488563714,64925.35402219813
37.25780614673371,5,35.812267037091175,98427.90571403544
64.42806565702537,5,38.19117909024884,142815.57447534727
44.65138283615099,3,26.120711361179406,82536.45136694756
47.49770348237735,5,3.8830433694727207,73116.36066118017
30.238735519027024,5,23.513415497264774,77722.02278016625
53.5527041679649,1,39.60631137562739,114436.52886993934
29.796193742356365,2,17.27486810134213,69167.62990816744
22.72558376226671,5,19.362304613812597,72415.11158023195
64.86610007656708,3,28.118690112473388,124332.88274295832
53.47220521306085,2,14.895740461601989,57863.04018892764
59.84667721737083,2,12.190582634666566,90442.91873965404
41.94658188370499,5,20.60660064367038,92589.08497582981
59.67373802838284,5,19.851019030131624,91604.12106899158
57.953336098246055,2,25.522978572663458,110569.59180272173
21.722396539844013,3,6.285951550245739,32924.94121476561
20.927415991469548,2,13.643017687928975,32625.832167847344
24.2383330219174,1,36.00289190019202,81193.46614797197
50.65636644454938,2,31.140123172554123,102780.06291564493
58.64847148310266,1,16.261250241313853,82242.6060385705
44.3459221743745,1,9.33072318138986,72037.53535842887
22.518798044721244,1,3.8457173938921585,29002.669115632587
28.598688633271383,3,26.50905065189029,63341.01295222214
37.10576855495782,3,35.67221955237337,72680.38083320689
28.991660859072475,3,29.966514477228806,82976.49629590553
43.82880655390126,3,36.793731038344355,110887.0266553929
62.01940836950483,1,18.60440909939516,74802.65797906331
59.665232372977066,1,13.747307963335867,97314.35912983092
23.821711238347063,3,6.580157250285814,55909.22688900645
23.838375882691576,3,38.26730998105483,93012.70830365132
60.6587590946879,5,33.62757039295822,121843.27813704696
31.632063468076034,4,38.64260623976469,81295.25194355301
29.98964891647882,3,7.499364623486695,60438.890875512436
45.29941700241818,3,6.555682785310899,54458.41500445487
52.32309782864696,1,21.88677892991833,76599.39542217547
49.5821698939733,3,19.41474866802284,83311.54675444397
22.408922463032653,4,29.341570425404807,59659.19815260658
27.09039588235315,2,0.6953647178559219,37020.98812844968
51.796280637101546,4,20.961180346585273,97929.20614716884
20.01499638864377,5,34.726822559475316,89369.94770358792
47.1098845573114,3,19.88159719410758,90591.54711226774
62.15683139972845,4,1.573347813053907,92557.24566538968
55.53498023967126,1,39.90614114043654,91268.40930420243
32.5997171761485,1,28.448277362082553,67342.76077580653
60.31382171993255,4,37.31654760250298,117698.47509926154
57.78764058900716,1,28.72310617026942,92875.67709561916
33.413144160739726,2,37.54440271594393,81220.90056946744
30.876534870874824,2,21.55922771813585,77423.82832095615
49.96864325063899,2,11.60347013850824,81666.81959017798
39.718487951707765,5,13.28737668818647,78503.23273962131
52.696692184383586,3,7.338901953826,83826.43871714507
33.57856658572449,1,0.6538969391017213,38134.95654398005
64.9394131321644,1,17.491457592297532,80662.49226335311
23.39335822011811,5,36.81356507924037,88787.94037328294
28.630334930849145,5,16.123075470397644,64350.508761309335
26.73087371772334,4,22.341612955347756,67365.7504339321
42.67385610916253,5,24.730171038184498,95705.70590805043
50.927737580757494,4,34.11907513007369,112892.24460649412
24.517165102429452,3,25.6906963221546,47907.81633827371
51.9040132268138,4,12.131772823721242,78650.23643844531
58.071560469484645,1,25.583598745311416,94652.06639051194
56.561917565616156,1,5.041075118382148,69659.67052166587
38.34945461959052,5,31.731004700243325,96643.00577186428
28.33301336244147,1,4.024791194040307,51537.22835579327
61.80871725235415,2,3.155635596110753,79767.45010886175
63.064614986595444,3,38.261553058347744,114458.27118730245
21.777067031047615,5,19.90589743389894,90556.71625297084
59.66423378156969,2,21.348788367717862,79877.51535572627
35.84074508866573,5,32.77157896175349,110716.22107582686
24.71257803351771,2,32.552299811526694,74724.22790615499
36.91020363978967,5,25.181910543236388,74253.24073467968
57.06850372683965,4,23.396601596628948,108718.0840888593
36.66989706338989,5,18.381586928282545,76033.46978564837
61.02546344874861,3,39.35579364793655,129222.24088883377
24.950690031427452,1,26.1889002088207,70203.99061999319
24.672828372616138,3,8.718028492413481,37480.69710999272
21.83668305197514,3,17.558376429319914,54225.287243865525
48.76103776303698,3,10.639826938649923,45780.62016527523
37.897945461836215,3,14.795674359531915,78096.23974961285
60.54765347853034,3,6.379040926029211,85196.0466840548
62.62852021032144,1,30.68625532227238,113769.06353233298
55.586562693693345,4,0.36525708114794053,72781.1708650741
27.915082798733657,2,34.84046624246142,76492.12408365955
40.74307531649936,5,20.747066929182616,93959.11481705376
36.761268105546435,1,4.994887562390544,57283.66521937432
63.5604047728356,5,19.543154279633367,117500.78545981634
37.47969127393219,2,24.96059394839468,65356.22073941889
41.761470229321205,1,37.8055950125984,80939.27890344211
43.24757203040987,2,13.285044867228235,75568.2017741407
27.06484780471227,1,12.945252147376491,52422.41132302414
39.90245593044244,4,31.78986628756015,124729.6931337978
37.73224020289412,4,13.624187241049434,83681.43628011711
53.54693901261116,2,12.996187526356362,87006.0833899479
54.13471872543066,3,23.10896128719019,89731.28410513428
53.70388360288496,2,36.9785088656369,107241.101363902
64.95259968437458,5,37.775577840358835,136506.71647319832
64.24431572921375,2,24.406721379423995,111319.00546367362
63.4893406798611,5,7.6762188915813345,107294.45530048574
30.301037949869045,1,28.991376762977126,63575.243806463244
57.9420994337468,1,35.3379302220169,103749.46537453347
22.671470936672947,2,37.3238708785225,67956.92924960569
33.21194537029959,4,14.389959385034881,73269.26862175194
31.633509935076802,5,22.570167583349615,96404.93908785506
56.01214826338551,3,7.996910080666044,68336.12707139328
31.943226566243567,4,26.262459803742175,79838.59042930423
32.22023091008724,1,14.07918623806298,39056.825934559354
22.680694614805766,5,14.472272433448769,60211.23589616769
56.81548726360983,5,20.498764969344727,105919.60979565507
34.329575864350815,1,23.25542473329792,56463.714325927634
63.62935604100406,4,38.87649222978459,119391.28781965787
23.41532436496523,1,36.0969663914377,77830.38242649505
24.287524921303785,2,30.52808544075139,68176.51643803577
23.003709534116,1,22.479248932491704,54371.8412100824
64.41876743015658,3,36.58102309139029,118718.18496702267
36.034122085190525,4,26.588679710915134,95891.97514578675
38.15486861257121,4,25.11580668573164,109058.26859608074
27.224692412733088,4,18.309914142623654,67888.49615430081
59.20428677086255,4,1.0089263999494102,83887.61090086767
57.368099607641,5,30.28910997875286,127299.79071601797
34.053507495848564,1,6.997179094298458,46012.08183329501
38.15144501874837,1,9.859326130545654,48619.48118654826
49.85238736085924,1,18.44940822460832,69430.07835174049
31.04885841226622,2,10.142111931564294,50686.83941982453
31.25199653994649,3,3.435598744552326,52635.41283201564
62.94251744623435,5,2.1252289017739168,104928.600808327
22.135390320148115,4,6.10904957883275,68287.82983478729
63.52161876644222,3,19.69034048843076,127267.6198983466
45.15896804519705,3,0.4514819196320019,52957.133268670805
25.852662498489444,1,7.046316084311681,35664.74985428236
54.64192936462739,1,9.998246902211783,80648.29847896201
20.2287234634172,4,29.705108925577363,65725.03221596818
31.87780951671313,3,38.27110205456395,90075.94880771598
30.37534648075676,5,37.284230945293785,100091.04714574614
25.138422118762136,4,17.12991122368058,68730.76845486589
28.74087938989808,1,19.97428618250565,51888.50584194762
34.36282191537961,2,6.956650178819803,63010.895117915046
34.43559988472373,3,18.62650196228442,63083.1216283719
37.464236103151066,3,13.544672859122176,51654.90296736489
48.3769835951163,1,6.197897892915836,64463.702512135154
35.889032089861004,5,27.915791062803258,108266.98663314091
37.570691959344394,3,29.422694941690594,84758.10163951464
49.6761117321595,5,2.1281981293812358,90946.06614246174
34.65985066502579,1,12.052370229969384,45134.76131739504
53.44869957081996,4,16.25948772594389,87707.50757978634
63.73934044676215,2,38.97824444529978,119894.16670612087
25.046570081596688,3,14.209399240752102,81499.84935864038
39.74258119331142,1,1.0257842537846695,47770.82298317669
39.28384711705618,3,15.44063740552254,71045.86412541312
57.783065703437984,1,6.849533558861172,74032.60085162405
55.225712739852675,5,4.705497439414912,91261.89860708085
54.144916357206036,3,16.207467704173038,86023.07255704742
55.83798811594786,2,27.01970139774226,95919.93422079315
33.30967332841128,2,7.685117452930048,47304.19747115427
51.87892368917845,3,30.451720772488116,92804.13847423485
37.500527280751115,4,28.753331953961872,92675.86058210167
64.86529048744455,2,29.12491567028463,103033.20466401012
34.030169395744686,3,13.610468434578017,52421.88234050979
64.57726516562688,4,3.2937591074426376,81537.2370594059
24.981502423350292,5,15.495178472587723,71790.62689467643
33.88045384409267,1,39.6192058110815,93523.95849489007
49.427051435241296,2,6.243277639056193,64677.63673587839
40.068961245050104,5,39.85973735473311,116307.50848123756
61.155119881711656,1,8.797962778481452,70879.64039100522
50.058698349645596,1,23.130870695525935,108008.80480924784
42.82428130605473,3,11.804349024825846,64995.408371231286
46.8653336105271,4,11.950624443602639,85994.08812379338
34.54812209660841,1,23.346041495569235,58961.106827081596
55.34939305431768,3,8.56478140308762,92565.8712950563
40.73488618304767,5,3.154597212344643,63091.16036580272
40.241835429311,5,15.126480606457617,75286.71394620009
54.238135324739865,5,8.133009571843658,77931.32713539367
40.2692385104606,1,16.609736379793244,56092.22679937839
47.29618380799326,4,25.506133947860647,96959.66804381763
62.307651511298445,2,33.35051036945651,97211.61488953684
47.60335577607719,1,28.664568523152276,81827.28422905998
38.654346334336694,4,33.20788752548138,85833.4552823474
34.453605881211146,2,27.91502092702421,67959.30269416717
46.61940666016657,5,14.902307309962222,120926.57271830959
55.31145174734704,5,2.7670296635952774,95400.27899761254
49.0622648820584,2,21.56013893390626,65096.62315018986
37.1699901332244,2,16.345911952416998,79588.09926599484
56.00215424505341,4,34.50341493410971,97102.12110819695
49.652471633967465,4,10.374623133423277,74141.76600823972
43.41897002467758,2,28.242816362408014,99790.55301027562
42.32082471210636,1,26.553921338067255,89698.0419493008
40.61878325989882,4,23.29930718951268,92710.45305320785
24.181542785138255,5,23.926389587451304,88519.5779921216
48.54195610360689,3,24.579472235488048,83109.66736596514
38.19643547483757,5,9.041897130845292,73741.90381884128
32.572013666824176,4,8.439575287201734,50015.42021112685
26.27058713538295,2,36.52632185205324,67964.46744545155
49.845392617689235,4,20.133738526706697,103134.98772401751
29.706095342533473,1,31.15611639802254,58466.661404708786
52.407504744511066,3,28.6097573269009,94147.71742325285
39.805618561608824,1,22.561557553899526,84472.46077940841
35.13863648770335,5,31.326932965212073,111168.78394346249
64.82359015413486,2,18.9940803856349,99766.15426591889
61.12434925588835,4,3.2306325098154254,103315.04403731777
52.07485667331053,3,11.010638347491266,81515.99238750114
35.87693636790832,3,32.1072783367678,100069.10453893107
43.9640743289812,3,3.2161611235337073,68505.19771598715
42.8572513619119,1,10.17123483591535,67698.65809476799
37.04204652080412,1,35.489785923497394,95895.80822260525
46.46713734882355,1,3.2314711349792313,61961.704614277136
64.29253665829589,4,37.69312049234411,125598.008157559
43.20172823450555,3,37.759561242991225,111516.83981632147
27.501273466648648,5,36.49641539294116,95861.20984092436
44.235040536117324,1,4.692342017274971,68046.70904754548
43.69439192783088,2,29.950395399405156,83797.81727263317
57.0650316467813,4,10.580591750444936,91707.18815213339
27.917079118635016,2,17.302777889746256,40069.32699535271
21.560127983621538,5,39.868442921174875,66681.91153566154
31.784082231398926,4,8.658470160517325,68072.89996442453
55.197991301482325,2,11.498859781177844,81614.11064011126
22.37668469160571,1,5.723360475241206,39896.65415716669
38.84470216368106,1,16.209837980019547,52196.634081854856
63.71094455575986,2,8.954043875363027,96365.66551547892
60.43710952562335,3,29.66545792628715,98516.41358086144
33.54362373581655,3,16.76507961588866,72664.13413791823
22.889700635232586,4,29.235542568209823,93577.72190563213
57.44210157814179,4,28.206241865822864,122249.4506241476
55.69327294094031,1,22.070255847834215,84921.3693454367
31.054839987034356,3,21.02553553694308,64362.89685302033
54.116746712470224,4,12.6031313824625,74835.12179371467
44.66243563586997,5,37.1954383109745,106424.24425220657
38.574144367279075,3,23.24560994256084,87962.11838870346
43.5412393231387,2,18.288154980871578,73934.16536479621
62.958985835916934,1,18.93087284210636,75362.64564003123
25.474369775564533,5,24.947193199315816,82955.10071459273
34.130454758768124,2,21.152973244503855,58203.06836929795
64.66508198406737,3,25.654608950673495,112545.79878006835
48.34379196460802,4,2.682872736897055,83260.9624400678
61.17568247576558,1,5.99702214260446,60162.574301229484
31.828379724325245,1,15.058403424943805,82488.51933610042
37.51308377226189,2,25.811754940090527,65412.013550641685
39.79687832029682,4,26.163224893284,100408.01732671616
59.211123653973615,4,11.009150716982958,108073.46090832839
41.3196654787446,3,8.83411075551701,79184.99556759332
48.427445090904016,3,12.402949344882405,89423.43971244614
48.39209139845482,4,38.337670964269414,98666.24614590566
34.56612075551617,3,30.461578109305485,81067.74950238099
26.04809899939549,4,4.996812946979352,49335.831908973974
54.08373255891956,5,5.014604391743838,71839.46536674401
39.49822310710577,4,23.976869494632492,70794.13089553807
23.68926943107089,1,23.130287786710287,50191.960285063135
64.34657651367831,3,15.634973351577681,95884.98352645274
49.701933667198524,5,25.327969706439063,115030.5490896992
27.828748436014997,3,9.279778157650753,62909.33881485253
23.647970600052663,4,11.386176279036064,66312.0585888997
47.35268973175198,4,3.9050630214078286,62649.08068107264
27.362826117120093,4,31.837603709082984,84503.69198401725
30.623030221621796,5,0.8059852641792409,65942.6748625863
49.611461123312885,3,26.260953270851033,110646.23203932644
64.68184296972692,2,19.534448344823105,98142.19776842523
48.14230610144769,3,25.022427023789028,90409.07767006871
38.21875541946725,2,15.355421639427744,63085.989016500345
28.98750863854449,3,37.923817271447916,83552.32081082986
22.508913450871272,3,5.050945785926002,57985.38847073012
55.570544784340335,3,7.27750893237932,81699.6917605504
37.12285555310902,1,4.181582788484239,48938.103085998184
36.50821757855738,4,28.490636023309293,105640.38163337114
49.08547601793862,2,11.491250222051722,82638.0149907006
60.61960277288861,5,0.3278650380895298,110889.52472640117
21.29722256857778,4,11.794254898227031,53213.6363623996
37.35561222654644,3,11.409821969606497,66531.36257998997
48.11815042366136,2,11.134561633745887,84662.5654005191
20.53998150382997,5,15.526271796216458,62292.967436607905
37.94550248073787,5,2.4418153361538986,59219.176097682
28.738823363205505,4,22.124892228920782,75578.17647006322
48.31744712434052,4,35.762353759548034,117778.92593803916
32.53494076201733,4,4.302860695983686,49207.631464947204
55.41761306752599,5,6.803427075460613,86809.88950091167
59.92548686428694,2,8.086801597835036,83428.85555431315
57.686635129321594,1,1.9614558935963178,64401.20535052252
23.73184936648951,1,36.51828636221469,57940.68962793694
54.57114232693873,2,36.1444683059195,123492.0340532344
42.75331864799017,2,15.712634197552022,73735.16511729965
28.7832293820721,1,4.144442408373674,42503.03475406829
63.256720278792315,2,18.294304868353915,121501.2657372595
61.46194974194499,2,3.125710542665021,72032.88305410769
61.4062046737053,3,36.95074602108577,102668.30123740158
52.30089986735815,5,16.044557613313913,107779.32653287875
50.29128821627494,4,20.18780163389309,84851.12108121264
32.65541219820903,1,38.33395448335291,80624.00797635973
40.1862392457387,1,3.503984057194587,48570.33863112735
49.344744051945156,1,1.3850352916659103,51832.33442832097
61.07570349724995,1,37.91690709493565,111395.18212664675
31.687351507857326,3,35.27396759337878,96885.52190087496
54.37078859428045,5,14.506358693508465,98948.56376311232
48.54383845344482,5,39.69832456260256,118524.35386668319
27.268282643762184,1,30.279928259152804,77241.07845104138
23.431814300943206,1,36.58109809753417,64289.71464356666
59.91235350723859,2,12.39805782147517,87124.76327897987
32.57396912746213,3,33.04248131656982,81504.65140538826
42.32448001252847,1,23.348281725934008,92350.39468046183
63.647864190849624,2,31.462916569347602,115072.86289848528
57.39337322941441,1,2.9492503140550186,62636.595306582545
30.979802677302402,1,10.399029351258404,53553.22976486643
58.7888729845798,1,2.9826532818855034,59091.29936326137
59.42902710775786,5,18.944389578955846,111778.85878289769
40.46918134079078,3,10.424887375775267,80069.27333265141
43.52969012592525,2,21.670460077898927,91786.01101868902
27.271727668034508,3,15.921038604576413,58034.590630949424
44.047200661581186,5,10.827416856616509,101570.25322616949
59.83872633562446,5,32.0508479632284,119228.08294666796
21.02674234692602,3,17.937638281597433,57029.80732713266
33.2533513371006,5,3.63687111356894,50280.546279110844
24.715147172728294,4,6.309613493429347,73740.20208468504
60.29068187230759,3,10.68973556195238,80360.61422686567
60.42304642699836,5,0.29015494209798653,78537.29077199093
51.51280945591709,5,27.529991302935656,109481.23015798586
20.8548591225429,4,35.43317191351545,75133.1843735686
58.097731410396406,2,32.60473932785418,114434.79531720189
41.97539354554087,2,17.592161588611024,79847.3385464783
35.77862290417859,1,21.51845212809834,72102.05230852614
36.25758124270237,2,26.8636409734096,72625.51459737743
54.54753239058503,2,10.711551009734075,76203.27153168901
31.474284930501653,3,35.228725293017575,78049.63023280204
29.315751835567,2,14.936230212617518,56261.91421353711
26.18659015118024,4,37.11805792324734,100398.4456069087
36.574054330857265,1,20.604785795609708,61124.303851090066
64.33863573506893,2,15.788600974053777,97032.0237597532
41.72540053256988,5,14.101070035153436,71532.30676607764
64.60214248175612,1,11.026846498397202,98095.09276812096
32.57413683619865,3,7.001924366769021,46505.644394814924
28.84420716895552,3,14.89604717006825,72280.96903359052
54.46390615769329,4,22.450539349426336,102067.97366950501
41.811018610611285,1,5.582383394080952,60565.5115197288
35.183360702073614,3,22.6046102821806,66834.75462286103
31.536205710129906,1,26.466469418656505,54442.7123556212
64.75390295392302,2,16.698402838246377,83083.19202678259
22.614756585043533,5,1.2909119784020051,59409.72978588108
57.09975766582521,3,31.161870368246873,107967.47245859205
64.60072503444863,4,32.65036477317914,134624.77345214123
39.3359264414685,1,21.911664755109975,63329.686202844656
24.27258445516574,2,9.433089961906571,51268.63104783082
27.517748277893563,1,1.4481017439857968,32256.236598270985
41.10818450830949,1,11.218254396862623,54192.28448711295
33.588145183336025,1,34.78416198724589,66297.34472168685
47.036459862394764,4,20.274502956587593,97520.50580221537
55.70470087888095,1,0.04425545751580273,58240.466337165184
49.18073693471013,1,8.679968771306692,67603.24556191188
51.6384143689649,3,3.219599170352545,85257.14434927634
43.64433967652589,3,24.083408204256408,95263.00486861139
43.86564510254059,5,19.932236185718246,102488.66394012712
30.407540949177957,3,33.96695340132031,85544.09432527775
21.13422930970679,5,29.05362377677672,90326.05093553374
32.76899148488231,2,9.172075286648047,70274.23205353656
28.08797307988698,4,25.583690211773202,78894.25243589979
40.52142295716201,3,21.807512385919292,95090.09660408527
34.65645961067834,1,37.92415819376954,67563.55749366416
62.137961932073004,5,11.220559855012544,105885.75715439
32.4217669731288,4,4.212755326803026,60164.053591909644
55.99187538490729,4,3.4826788383336815,104549.54528639442
35.647702490212,3,16.057935207746986,68931.21296478553
28.696699435619763,5,26.602212914290917,74297.70242789699
29.943693276692706,5,16.37840725655794,83520.76930101388
63.41482058169449,4,1.2415200447979435,98337.4457683164
49.3908601180499,2,27.44611234804525,86695.03788609966
49.70686773924018,4,32.343226761740226,110283.51256101366
30.575470942830457,2,27.077499613910877,69908.2534619121
43.399774136978586,4,33.34540536009767,94483.4045739858
50.37792797927568,1,8.689215588238763,62455.14938323643
40.390542522882015,2,7.074253918620199,77637.81941674133
27.804233522078462,1,37.04054013428927,71300.00027367061
61.60071349013145,3,32.86852452850267,99781.33749344508
62.19273650057403,1,23.808482222861123,93529.90710895444
36.54967872680416,1,13.411448128105956,81786.25017637011
34.07148986105362,1,31.988951145884506,83613.28444065686
44.470667974807874,1,5.258712033602522,54278.36584833277
25.98031235404018,4,28.04828913927672,81814.2954366802
60.073904189535284,3,28.365017914505962,116535.2895981003
64.21982853333523,5,6.926802161508108,110258.98604657085
43.06618732469266,5,34.62228731177076,97624.89057527421
22.838521904494527,1,15.185621209508238,67589.94647653682
35.217902272634376,2,3.256223330294521,37812.64067372403
37.06377408106966,2,7.580677366113817,54337.855231672045
29.44665770577901,4,25.464076362853575,68701.18186415869
45.31073296602557,1,15.366168324963159,64533.61187157768
47.647566770317354,4,35.580171226690155,103172.48986421009
24.08396628700558,5,7.705414382751985,64656.07145801162
58.94742837306402,4,25.634103934769506,105500.96410995648
61.33482562137988,5,24.69523640698089,110026.47188304245
27.47425583765481,1,39.14058726728144,69371.35160064652
58.47196872215287,4,38.055568966586975,116186.83323646107
26.366385853784617,1,27.285549694411678,61625.662112829574
55.07585077388362,3,14.330033429087443,92758.70390135172
53.7783506632711,5,12.477234623322477,105803.65942152534
28.83449328164992,1,27.450993409658846,59071.197488328646
37.293321226736616,5,11.91986598633381,85623.02618126948
47.78538982979428,1,7.787541839991077,85426.61554275267
38.69997570477035,4,12.556926993415715,61321.072480537936
63.258214772764575,1,30.607326095602264,96816.05768975757
52.52611598034468,3,25.059758576562132,113007.58680656854
41.95883707890622,5,10.251312452114734,84557.09125092096
35.17022643932698,1,6.012831383421666,48709.403901768856
27.62752526453921,2,22.037241909900995,69045.16098357533
52.79754224962551,4,36.41617790965162,113103.3597462266
53.80062235670988,3,18.03576069559416,92756.07950177952
32.30556819594062,4,7.895258605444946,73308.21217187135
60.8255502967233,1,6.186855430127487,74056.815548879
20.294576498895484,1,25.03524841385876,51425.82834546585
37.93476703613311,2,16.07359102553422,70319.01965779446
54.63034731166021,3,4.486286320051263,86323.30531788389
48.93783365029812,3,37.61911996759152,112582.86199531012
21.160652092535873,2,1.0251231312107167,24675.381544781034
61.95300500475842,2,13.073269216212688,89411.64481460235
57.6322035877985,1,35.687000219438346,99601.21437463458
28.391308951922575,2,12.68175173010659,32954.63237607207
42.934648588811655,3,9.382157712960746,64037.818843281144
37.05848773558256,5,9.319083804221254,79371.84182857972
61.8307024812242,5,28.13429745476244,110687.4720392122
44.928769354375206,1,26.705510465105434,77362.20656699738
36.11071263270432,1,13.831182339507638,67534.47950948206
27.724532294365076,4,0.6766721959473143,44732.242651636705
22.085716480553852,3,20.04025939414435,77805.48668249998
33.93028157995055,5,3.156913149950351,71487.70935753337
25.939510683917,5,1.2502255918325833,70596.71045899777
53.727864004878015,1,32.623238872256024,102000.84334736131
26.383907764706535,3,13.722873676001832,87726.58457964542
61.99027695584669,5,6.475966029365727,93530.28377225758
31.39892014349745,3,8.683114587371637,78501.25027249064
35.851087050733284,1,37.08882668184519,74720.64606185464
22.27891368329444,4,30.383175646927327,78282.11847482366
22.091989829185493,4,26.30753040545189,92710.97187516573
36.04801182692777,2,16.5684607387772,68775.80147838386
57.67590556564771,2,10.501638427739767,91725.03101773969
